Method,Total Mass Balance,Average Mass Balance,CCC
GRACE-derived Total Mass Balance,0.6022942435982046,0.03600647819436426,1.0
ATL15-derived Total Mass Balance,0.0,nan,nan
CryoSat-derived Total Mass Balance,6.251978166302743,1.5100421331210154,-0.3102255316167665
Rignot Total Mass Balance (2018),-62.49226199032174,-4.416666666666667,0.13447714526716179
Inland GL (Equilibrium Thickness),0.11451889031135831,0.07995107141468995,-0.3657525420825049
Offshore GL (Equilibrium Thickness),18.66695489007973,1.4336684449633141,-1.0
Inland GL (BedMap Thickness),26.59022552108953,1.9561394860837582,-0.3202445871415467
Offshore GL (BedMap Thickness),31.01507890052581,2.298059090879011,-1.0
Basin-wide IPR Flux Gate,-38.28529687830655,-2.4254809560009964,-0.22396522373212546
Narrow IPR Flux Gate,-21.93200046541819,-1.473451679506917,-1.0
